{
  "core": 0.0,
  "alpha": 1.5,
  "beta": 0.0,
  "core2": 0.3,
  "AnnRet": 0.12947824719550693,
  "Sharpe": 0.9187034044873593,
  "MaxDD": -0.27907427264985896
}